Emp_ID,Name,Department,Age,Experience,Salary,City,Joining_Date
1001,Sara,IT,37,4,81753,Bhopal,2020-03-23
1002,Priya,Sales,42,6,104774,Bangalore,2016-11-20
1003,Ankit,Finance,57,3,31087,Bhopal,2022-03-07
1004,Ali,Sales,35,4,50816,Delhi,2019-02-16
1005,Sara,Sales,55,0,43408,Bhopal,2021-01-21
1006,Vikram,Sales,48,0,20136,Bhopal,2020-07-17
1007,Sneha,Sales,27,14,37413,Bangalore,2019-09-19
1008,Sara,Marketing,52,19,79500,Bangalore,2016-01-18
1009,Ankit,Marketing,31,18,104514,Bhopal,2021-03-06
1010,Ali,HR,30,9,76358,Mumbai,2024-08-04
1011,Priya,IT,29,17,86197,Bangalore,2018-11-13
1012,Ankit,Sales,34,2,112789,Kolkata,2019-05-03
1013,Ankit,HR,33,10,112420,Kolkata,2021-03-21
1014,Sneha,IT,45,14,52854,Delhi,2020-08-12
1015,John,Finance,22,10,96240,Bhopal,2016-01-07
1016,Ali,Marketing,55,16,110063,Mumbai,2019-09-07
1017,Rahul,IT,27,16,36322,Delhi,2019-01-09
1018,Ankit,Finance,41,5,26968,Bhopal,2016-09-02
1019,John,IT,38,4,47518,Bangalore,2015-04-26
1020,Rahul,Marketing,23,7,71925,Kolkata,2024-02-24
1021,Ali,Marketing,59,1,79848,Mumbai,2016-03-22
1022,Amit,HR,31,15,113422,Kolkata,2018-10-23
1023,Vikram,Sales,59,19,21700,Bangalore,2024-02-07
1024,John,IT,44,11,113782,Bhopal,2018-09-02
1025,Neha,IT,39,5,43199,Bangalore,2016-02-19
1026,Amit,Finance,24,0,64589,Bangalore,2023-09-02
1027,Vikram,Marketing,46,3,52115,Kolkata,2019-12-14
1028,Sneha,IT,58,16,81934,Mumbai,2023-01-18
1029,Sara,Marketing,52,12,74316,Bangalore,2017-11-13
1030,Priya,IT,59,17,25520,Kolkata,2022-06-03
1031,Neha,HR,56,4,56455,Mumbai,2020-02-17
1032,Sneha,Sales,57,2,106465,Bhopal,2017-12-09
1033,Ali,IT,53,10,61605,Bhopal,2024-10-13
1034,Sneha,Marketing,56,12,34955,Delhi,2016-12-18
1035,Sara,HR,23,3,64049,Kolkata,2024-10-09
1036,Ali,IT,29,13,33917,Mumbai,2018-09-20
1037,Neha,Finance,28,10,90293,Bangalore,2023-08-17
1038,Sara,Sales,53,9,98581,Bhopal,2019-05-25
1039,Rahul,IT,26,18,84925,Mumbai,2023-06-26
1040,Priya,HR,59,17,90269,Kolkata,2021-05-07
1041,Neha,Finance,24,5,50954,Delhi,2016-07-15
1042,Rahul,HR,33,14,116671,Bhopal,2022-10-22
1043,Vikram,HR,22,9,92617,Mumbai,2021-04-13
1044,Neha,Finance,25,4,61458,Mumbai,2016-01-22
1045,Vikram,HR,47,4,109037,Mumbai,2016-12-02
1046,Ali,Finance,52,9,41113,Kolkata,2022-02-19
1047,Rahul,IT,41,4,119977,Kolkata,2017-08-30
1048,Priya,Finance,28,2,110226,Kolkata,2018-10-16
1049,Sara,Finance,58,5,63939,Bangalore,2017-09-10
1050,Ankit,Sales,28,3,49345,Mumbai,2019-02-20
1051,Sneha,Finance,23,17,66313,Bhopal,2015-12-18
1052,Amit,Finance,23,8,112365,Kolkata,2019-09-21
1053,Priya,IT,42,16,89166,Kolkata,2020-05-05
1054,Rahul,Sales,26,12,67861,Mumbai,2018-07-03
1055,Ankit,Marketing,22,14,117406,Kolkata,2024-01-07
1056,Priya,IT,43,19,69298,Bangalore,2020-03-22
1057,Rahul,IT,22,16,67221,Bangalore,2017-01-22
1058,John,Marketing,58,12,64942,Kolkata,2022-09-29
1059,John,Finance,37,15,23453,Mumbai,2017-10-21
1060,Vikram,HR,55,3,74935,Mumbai,2016-06-29
1061,Priya,Sales,54,4,63370,Mumbai,2019-01-09
1062,John,HR,43,4,28328,Delhi,2015-03-20
1063,Rahul,Marketing,50,8,35534,Kolkata,2018-06-13
1064,Vikram,IT,28,16,105280,Mumbai,2021-07-09
1065,Rahul,IT,42,12,104925,Bangalore,2017-06-07
1066,Vikram,Sales,56,1,56320,Bhopal,2024-05-13
1067,Priya,IT,25,12,69170,Bhopal,2023-09-05
1068,Ankit,IT,33,18,100201,Mumbai,2018-01-10
1069,Sara,Sales,49,2,28640,Bhopal,2021-12-24
1070,Neha,Sales,51,9,111057,Bhopal,2020-06-13
1071,Ankit,Marketing,36,1,50049,Delhi,2019-02-09
1072,Ali,IT,50,12,25618,Bangalore,2022-09-13
1073,Rahul,IT,36,18,76053,Bangalore,2017-07-09
1074,Ali,Marketing,32,16,21920,Delhi,2016-07-03
1075,Ankit,Finance,37,13,63937,Delhi,2020-08-23
1076,Vikram,Finance,36,11,89724,Bhopal,2016-01-27
1077,Neha,Finance,32,11,32207,Kolkata,2024-05-11
1078,Neha,Marketing,28,10,85774,Bhopal,2021-06-15
1079,Amit,IT,40,6,52972,Delhi,2021-08-30
1080,Neha,Marketing,23,3,30799,Bangalore,2023-12-25
1081,Sara,Marketing,36,18,91088,Bhopal,2018-10-12
1082,Neha,Finance,50,0,48916,Kolkata,2017-08-31
1083,Ankit,HR,43,2,90463,Bhopal,2024-12-18
1084,Amit,IT,48,12,113500,Mumbai,2023-09-01
1085,Ankit,Finance,25,14,96700,Bhopal,2023-08-31
1086,Ankit,HR,40,1,57158,Delhi,2015-12-06
1087,Sneha,HR,21,10,104607,Bangalore,2022-03-29
1088,Amit,Sales,50,3,91696,Bangalore,2024-08-17
1089,Ankit,IT,41,18,81510,Delhi,2017-01-26
1090,Sneha,HR,40,16,78692,Mumbai,2017-11-11
1091,Sneha,Finance,26,2,81744,Delhi,2021-05-27
1092,Amit,Sales,42,17,35810,Bhopal,2024-09-26
1093,Ali,IT,38,7,25126,Delhi,2021-06-11
1094,Vikram,Marketing,28,18,50009,Delhi,2022-05-05
1095,Sara,Finance,59,4,119120,Mumbai,2023-10-05
1096,Vikram,HR,52,6,110932,Bhopal,2022-04-26
1097,Neha,HR,53,7,20192,Kolkata,2017-07-27
1098,Sara,Finance,36,4,56413,Kolkata,2024-02-27
1099,Neha,HR,32,16,32816,Bangalore,2017-04-27
1100,Ankit,Sales,58,4,59082,Delhi,2016-03-17
1101,Rahul,IT,54,3,85048,Bangalore,2021-12-25
1102,Amit,Sales,34,18,70940,Mumbai,2015-05-10
1103,Sara,HR,56,1,52130,Kolkata,2023-10-09
1104,Sara,Marketing,53,10,60142,Delhi,2016-08-19
1105,Ankit,IT,43,12,56468,Mumbai,2020-05-12
1106,Ali,IT,22,14,50698,Mumbai,2019-02-14
1107,Sneha,Finance,41,11,30655,Delhi,2017-05-11
1108,Ankit,Finance,22,10,67897,Mumbai,2024-06-23
1109,John,Marketing,47,6,50075,Delhi,2022-03-25
1110,Sneha,IT,29,4,29359,Delhi,2017-09-25
1111,Amit,Marketing,21,16,62056,Bhopal,2021-06-30
1112,Sneha,Finance,31,19,71831,Bangalore,2023-08-07
1113,Ali,Finance,23,8,79191,Mumbai,2021-10-31
1114,Sneha,IT,43,13,53272,Mumbai,2019-04-01
1115,Amit,Sales,46,11,34671,Bhopal,2022-11-06
1116,Ali,HR,24,5,47048,Bhopal,2019-06-29
1117,Vikram,Finance,38,16,96274,Bhopal,2023-11-11
1118,Sara,Finance,26,18,45963,Kolkata,2019-02-20
1119,Sara,Sales,55,18,63954,Kolkata,2019-10-03
1120,Neha,Sales,42,15,92309,Kolkata,2022-07-19
1121,Vikram,Marketing,35,11,115430,Delhi,2018-12-20
1122,Vikram,Marketing,42,11,20717,Mumbai,2020-02-01
1123,Sneha,HR,57,19,31676,Bangalore,2015-09-22
1124,Sara,HR,32,5,24434,Delhi,2022-04-13
1125,Amit,IT,58,3,69810,Mumbai,2024-05-06
1126,Priya,Marketing,38,5,114636,Mumbai,2022-11-19
1127,Priya,Finance,55,10,24994,Bhopal,2024-03-03
1128,Ali,Marketing,50,0,24234,Bhopal,2022-06-14
1129,Sara,Finance,44,14,89300,Delhi,2019-01-02
1130,Sara,Sales,50,10,63949,Bhopal,2015-06-06
1131,Priya,Marketing,34,18,57405,Mumbai,2018-12-16
1132,Sara,Sales,26,17,54872,Bhopal,2021-04-17
1133,Sneha,HR,23,16,62215,Kolkata,2023-01-04
1134,John,HR,36,18,43185,Bhopal,2019-06-21
1135,Rahul,IT,27,13,63442,Mumbai,2022-01-21
1136,Vikram,Marketing,34,17,71759,Delhi,2021-07-02
1137,Neha,Sales,29,18,61153,Bangalore,2023-03-28
1138,Ali,Finance,35,14,97535,Bhopal,2017-06-13
1139,John,HR,41,14,22581,Mumbai,2020-11-14
1140,Priya,HR,55,3,71717,Bangalore,2016-05-27
1141,Vikram,Finance,22,6,22763,Bangalore,2015-08-04
1142,Sara,Sales,47,12,112910,Kolkata,2023-10-09
1143,Neha,Sales,22,2,75480,Bangalore,2024-02-14
1144,Sara,Marketing,55,15,58759,Mumbai,2020-12-12
1145,Amit,Marketing,38,8,96067,Mumbai,2023-08-20
1146,Amit,IT,34,7,45307,Bhopal,2024-03-08
1147,Neha,HR,40,19,116371,Bhopal,2019-09-03
1148,Neha,Marketing,38,12,31064,Bhopal,2020-10-07
1149,Priya,Sales,30,16,96848,Bangalore,2019-04-17
1150,Neha,Finance,45,16,57548,Bangalore,2021-01-17
1151,Sneha,Sales,22,16,56945,Kolkata,2021-05-20
1152,Sara,HR,45,0,67937,Bhopal,2020-11-23
1153,John,Sales,53,7,26476,Delhi,2018-02-02
1154,Ankit,IT,56,18,71756,Kolkata,2024-08-11
1155,Neha,HR,51,5,110101,Delhi,2015-08-16
1156,Ali,Finance,34,2,22382,Bangalore,2021-06-23
1157,Amit,IT,21,4,69683,Kolkata,2019-01-27
1158,Sneha,HR,36,12,107999,Kolkata,2017-03-12
1159,Vikram,Finance,23,14,65276,Mumbai,2019-06-11
1160,Ankit,IT,55,13,53402,Bangalore,2020-03-20
1161,John,IT,26,15,111881,Bangalore,2022-12-31
1162,Ankit,HR,45,17,46946,Kolkata,2016-04-16
1163,Neha,Marketing,33,10,99698,Bangalore,2017-12-15
1164,Priya,IT,54,2,93933,Kolkata,2022-04-26
1165,Amit,IT,28,9,42335,Mumbai,2020-08-22
1166,Amit,Finance,41,9,65095,Kolkata,2024-08-12
1167,Vikram,Sales,54,15,99930,Bangalore,2017-11-07
1168,Priya,HR,24,11,47197,Bangalore,2022-07-04
1169,Sara,HR,45,1,42010,Kolkata,2023-04-09
1170,Rahul,Marketing,35,8,44123,Kolkata,2020-11-30
1171,Sneha,Marketing,24,2,107923,Kolkata,2015-08-17
1172,Amit,HR,32,14,22890,Bhopal,2015-06-20
1173,Ali,Marketing,52,2,113305,Bangalore,2015-10-22
1174,Amit,Finance,52,18,28026,Bangalore,2015-07-08
1175,Ankit,HR,48,17,84925,Bhopal,2016-03-01
1176,Amit,Marketing,33,7,88842,Kolkata,2017-09-03
1177,Amit,HR,51,16,53665,Mumbai,2018-01-07
1178,Rahul,Sales,34,7,29277,Kolkata,2022-05-29
1179,Rahul,IT,40,6,62239,Kolkata,2017-07-07
1180,John,HR,38,6,67664,Bhopal,2023-11-28
1181,Sara,IT,49,2,68008,Bangalore,2016-05-13
1182,Ali,Marketing,26,0,34683,Kolkata,2019-12-27
1183,Amit,IT,52,3,20670,Bangalore,2022-09-10
1184,Amit,HR,49,4,109211,Delhi,2017-05-15
1185,Sneha,Sales,22,0,37889,Bangalore,2017-04-05
1186,Rahul,Marketing,43,14,75612,Mumbai,2020-02-02
1187,Ali,HR,39,4,64535,Mumbai,2020-10-19
1188,Vikram,Marketing,51,12,98542,Kolkata,2021-04-14
1189,John,Finance,25,7,74319,Bangalore,2015-05-26
1190,Sara,IT,39,7,112067,Kolkata,2019-06-30
1191,Priya,Finance,54,4,41639,Bhopal,2018-08-12
1192,Sara,HR,30,8,84712,Mumbai,2022-03-14
1193,Ankit,Sales,45,0,36633,Kolkata,2016-04-14
1194,Amit,Marketing,22,3,54660,Bhopal,2024-10-17
1195,John,IT,31,2,88975,Kolkata,2015-07-12
1196,Ankit,Marketing,51,1,52172,Bangalore,2017-12-27
1197,Ali,HR,35,7,79197,Bangalore,2021-12-16
1198,Priya,Marketing,29,8,78847,Bangalore,2015-02-21
1199,Rahul,IT,43,1,31577,Bangalore,2023-01-08
1200,John,HR,39,13,97299,Delhi,2021-08-07
1201,John,Marketing,29,13,40176,Bhopal,2019-12-26
1202,Amit,Sales,55,3,64386,Bhopal,2023-02-12
1203,Neha,HR,41,5,83972,Bangalore,2021-11-26
1204,John,HR,29,10,109791,Delhi,2020-02-13
1205,Sneha,Sales,48,2,61003,Bangalore,2022-01-12
1206,Priya,Finance,27,7,39996,Delhi,2019-11-22
1207,Priya,IT,36,2,106598,Bangalore,2018-12-25
1208,Sneha,Finance,36,13,55931,Mumbai,2020-02-11
1209,Vikram,Marketing,53,12,55710,Mumbai,2024-03-23
1210,Sneha,Sales,24,12,54693,Kolkata,2024-08-07
1211,Sneha,Finance,24,1,55740,Bangalore,2022-07-01
1212,Priya,HR,59,12,97241,Bhopal,2023-12-14
1213,Sara,Marketing,37,18,113583,Kolkata,2023-10-05
1214,Priya,Marketing,57,5,96502,Mumbai,2022-01-23
1215,Neha,Finance,59,15,37374,Bangalore,2020-06-30
1216,Amit,Finance,49,1,96674,Kolkata,2018-12-05
1217,Ankit,Sales,56,7,101471,Bangalore,2017-04-19
1218,Sara,IT,58,16,65913,Mumbai,2023-08-03
1219,Rahul,Finance,59,1,86025,Kolkata,2015-08-29
1220,Ankit,Finance,57,9,64516,Mumbai,2024-06-02
1221,Amit,HR,55,15,107796,Delhi,2016-06-19
1222,Neha,Marketing,27,5,46069,Mumbai,2018-11-08
1223,Neha,IT,47,1,76233,Bangalore,2024-08-03
1224,Rahul,HR,48,1,104811,Bhopal,2015-03-24
1225,Sara,Sales,42,12,79049,Mumbai,2017-09-08
1226,Vikram,Sales,34,14,59178,Bhopal,2017-08-08
1227,Sneha,Finance,27,1,52821,Delhi,2016-09-02
1228,Sara,Finance,57,6,71727,Kolkata,2016-07-27
1229,Vikram,Sales,42,2,80935,Kolkata,2021-05-22
1230,Neha,Finance,25,7,36999,Bhopal,2017-09-15
1231,Priya,IT,22,13,82522,Kolkata,2024-11-14
1232,Amit,Finance,47,6,58712,Mumbai,2016-04-03
1233,Rahul,Marketing,41,6,84551,Bhopal,2023-12-28
1234,Amit,Finance,58,0,60172,Bangalore,2020-12-13
1235,Ali,HR,35,16,53722,Mumbai,2024-07-16
1236,Ali,IT,41,8,30625,Mumbai,2019-03-03
1237,Sara,HR,30,12,87165,Mumbai,2021-10-08
1238,Neha,HR,43,18,96509,Bangalore,2022-02-14
1239,Neha,Marketing,59,18,26859,Delhi,2022-04-11
1240,Sneha,IT,25,16,61609,Kolkata,2020-06-07
1241,Sneha,IT,21,9,63307,Bhopal,2019-04-16
1242,Sneha,IT,33,9,41839,Delhi,2023-11-04
1243,Priya,IT,41,3,47216,Bhopal,2020-11-29
1244,Ankit,IT,46,7,72953,Kolkata,2021-09-15
1245,John,Marketing,41,19,104481,Bangalore,2015-05-02
1246,Ankit,Finance,38,19,80593,Mumbai,2015-09-30
1247,Amit,HR,57,17,92075,Mumbai,2018-08-10
1248,Ankit,IT,52,13,69522,Bangalore,2016-02-02
1249,Priya,Finance,56,17,119161,Delhi,2021-11-23
1250,Amit,Finance,37,13,24886,Delhi,2017-09-11
1251,Ankit,HR,55,19,27485,Bhopal,2018-05-15
1252,Priya,Marketing,31,14,51455,Bangalore,2018-02-07
1253,John,Sales,41,3,36767,Delhi,2024-08-12
1254,Ankit,Sales,46,12,48453,Bangalore,2018-07-25
1255,Priya,Finance,24,7,96280,Kolkata,2024-12-18
1256,Sneha,HR,54,17,73442,Mumbai,2020-03-25
1257,Neha,Sales,38,11,71877,Mumbai,2022-03-01
1258,Sneha,Finance,55,13,32226,Mumbai,2019-02-14
1259,Neha,Marketing,49,1,113405,Bangalore,2023-09-21
1260,Rahul,Sales,49,17,42588,Bangalore,2020-03-31
1261,Rahul,Finance,58,1,98976,Bhopal,2023-01-23
1262,Rahul,Finance,41,10,51709,Mumbai,2017-03-30
1263,John,IT,33,8,67788,Bhopal,2022-12-10
1264,Sneha,Marketing,37,11,108031,Mumbai,2024-09-18
1265,Neha,IT,29,16,57019,Bhopal,2022-07-20
1266,Priya,HR,21,14,64948,Bhopal,2020-05-10
1267,Amit,IT,22,16,85133,Kolkata,2021-06-26
1268,Priya,IT,49,17,86458,Bhopal,2015-06-28
1269,Amit,Sales,53,5,47526,Bangalore,2017-06-15
1270,Ali,Finance,30,16,93493,Bhopal,2021-03-16
1271,Priya,Marketing,41,17,72198,Mumbai,2022-10-07
1272,Ankit,IT,48,7,119534,Bhopal,2020-05-26
1273,Ankit,Marketing,31,8,63395,Delhi,2019-04-01
1274,Sara,IT,54,5,44031,Mumbai,2016-05-06
1275,Sneha,HR,28,4,95542,Delhi,2015-03-02
1276,Amit,IT,42,11,57701,Mumbai,2017-12-13
1277,Amit,Sales,28,10,45939,Bangalore,2019-08-31
1278,Sneha,Finance,35,0,69145,Bangalore,2022-01-29
1279,John,HR,37,10,40324,Bangalore,2022-12-05
1280,Sara,IT,43,18,42867,Delhi,2023-04-24
1281,John,Marketing,44,8,20203,Kolkata,2015-03-06
1282,John,HR,39,1,36544,Mumbai,2016-08-08
1283,John,HR,25,11,35899,Bangalore,2019-09-24
1284,Sneha,IT,52,3,49063,Mumbai,2021-01-27
1285,John,HR,21,3,110880,Delhi,2024-02-27
1286,Ankit,Marketing,43,17,23748,Kolkata,2016-06-18
1287,Rahul,HR,57,14,86629,Delhi,2024-06-24
1288,Ali,Marketing,28,18,100764,Mumbai,2022-07-03
1289,Amit,IT,33,12,40884,Kolkata,2024-04-21
1290,Amit,Finance,28,18,45183,Kolkata,2020-11-25
1291,Ali,HR,43,16,101570,Delhi,2020-02-14
1292,Sneha,Finance,21,5,91246,Bangalore,2023-11-08
1293,Priya,Marketing,44,15,39259,Mumbai,2022-11-01
1294,Sneha,HR,55,11,55959,Bhopal,2017-10-01
1295,Amit,Sales,44,18,53457,Bhopal,2021-11-04
1296,Amit,Finance,37,4,105679,Delhi,2018-05-14
1297,Ali,HR,25,16,22103,Mumbai,2022-03-22
1298,John,Finance,40,0,85901,Mumbai,2017-11-05
1299,Sneha,HR,41,9,64535,Delhi,2015-11-23
1300,Neha,IT,51,14,36103,Mumbai,2016-08-30
1301,Ali,Finance,56,10,118046,Bangalore,2022-05-30
1302,Ankit,Sales,31,12,110012,Delhi,2015-01-02
1303,Amit,Sales,35,4,98278,Bangalore,2017-10-30
1304,Ali,Marketing,39,0,32391,Mumbai,2021-10-17
1305,Sneha,HR,27,11,48901,Delhi,2015-05-05
1306,Amit,Finance,48,10,117537,Mumbai,2018-01-09
1307,Priya,Marketing,25,16,101159,Delhi,2021-12-07
1308,Ali,Finance,25,3,87914,Mumbai,2022-05-23
1309,Sara,HR,50,14,70357,Bangalore,2020-02-05
1310,Amit,Sales,52,8,106908,Bangalore,2018-03-19
1311,Sneha,IT,28,19,58437,Mumbai,2022-10-18
1312,Rahul,Sales,30,18,55503,Delhi,2022-12-30
1313,Neha,Marketing,58,18,116282,Bhopal,2024-05-04
1314,Vikram,IT,52,11,113459,Bangalore,2015-05-09
1315,John,Marketing,48,4,95403,Bangalore,2016-03-13
1316,Vikram,HR,37,9,61258,Bhopal,2017-01-20
1317,Sneha,IT,51,16,53724,Mumbai,2021-12-23
1318,Ankit,Marketing,28,4,84286,Delhi,2023-07-27
1319,Ankit,HR,45,15,94842,Mumbai,2018-05-06
1320,Rahul,Sales,29,6,34908,Kolkata,2021-03-08
1321,John,HR,22,8,112617,Bangalore,2017-06-20
1322,Sara,Finance,35,2,70626,Kolkata,2020-09-23
1323,Rahul,HR,23,14,57228,Bangalore,2023-09-04
1324,Vikram,HR,56,15,43386,Bangalore,2018-07-26
1325,Rahul,Finance,24,17,66754,Kolkata,2022-01-26
1326,Vikram,Marketing,34,13,48302,Kolkata,2018-12-04
1327,Amit,Marketing,45,2,80815,Mumbai,2021-11-13
1328,Ankit,HR,30,11,104748,Kolkata,2016-01-26
1329,Amit,Finance,41,8,83344,Mumbai,2017-12-03
1330,Neha,Finance,56,6,55618,Mumbai,2015-01-27
1331,John,Sales,32,8,96234,Mumbai,2022-10-12
1332,Sara,Marketing,47,12,81114,Bangalore,2023-09-04
1333,Vikram,IT,22,17,90130,Bangalore,2023-04-11
1334,Sara,Marketing,33,4,45525,Kolkata,2016-07-01
1335,Vikram,Marketing,52,12,99818,Bangalore,2022-04-22
1336,Sneha,Sales,51,3,34334,Kolkata,2016-07-20
1337,Rahul,IT,36,1,114715,Bangalore,2016-12-04
1338,Neha,Sales,52,15,82767,Delhi,2018-05-27
1339,Ankit,IT,52,8,26644,Delhi,2015-07-04
1340,Vikram,HR,54,8,52933,Kolkata,2023-08-07
1341,Sara,IT,31,5,63469,Bangalore,2023-10-07
1342,Neha,Sales,30,10,53687,Bangalore,2019-05-10
1343,Priya,Marketing,35,0,72656,Mumbai,2020-03-28
1344,Priya,IT,37,3,37375,Bhopal,2017-04-27
1345,Amit,IT,38,12,85206,Kolkata,2016-08-21
1346,Ankit,Finance,29,12,116462,Bhopal,2017-03-16
1347,Sneha,Marketing,45,12,56607,Bhopal,2018-09-19
1348,Sara,HR,34,1,103178,Kolkata,2023-10-31
1349,Rahul,Sales,45,8,43993,Bangalore,2024-11-27
1350,Rahul,HR,42,7,64386,Kolkata,2020-10-27
1351,Sara,Marketing,50,6,66287,Bhopal,2022-03-11
1352,John,IT,40,3,106724,Bangalore,2020-02-22
1353,Sneha,IT,41,17,118132,Delhi,2021-09-26
1354,Neha,Marketing,52,2,113308,Kolkata,2016-06-29
1355,Vikram,IT,41,5,116393,Kolkata,2019-06-21
1356,John,IT,55,11,96312,Bangalore,2021-01-25
1357,Vikram,IT,52,11,118371,Delhi,2022-06-21
1358,Vikram,Sales,50,7,95324,Delhi,2022-03-15
1359,John,Sales,59,0,91196,Bangalore,2022-01-06
1360,Amit,Finance,32,3,90014,Mumbai,2024-04-08
1361,Priya,HR,38,10,28210,Kolkata,2020-09-10
1362,Vikram,Marketing,41,2,30922,Kolkata,2021-05-23
1363,John,Marketing,33,12,56289,Bhopal,2022-03-26
1364,John,Marketing,41,16,53340,Bangalore,2023-07-12
1365,Ali,Finance,28,9,59850,Bhopal,2020-04-10
1366,Amit,Sales,27,11,76984,Bhopal,2016-09-08
1367,Ankit,Finance,43,14,104178,Delhi,2023-05-31
1368,Ali,Marketing,52,9,31094,Kolkata,2024-12-23
1369,Ali,HR,31,13,107959,Bhopal,2021-05-06
1370,Sara,IT,42,12,53418,Delhi,2018-04-18
1371,Priya,Sales,42,4,25741,Bangalore,2019-10-26
1372,John,Sales,45,5,92374,Bhopal,2022-01-09
1373,Priya,Finance,42,1,88798,Kolkata,2023-09-10
1374,Sneha,Sales,48,16,90532,Bhopal,2023-06-09
1375,Sara,Marketing,49,3,42164,Bangalore,2022-03-15
1376,Ankit,Marketing,33,13,55595,Bhopal,2023-08-28
1377,Priya,Finance,38,9,50257,Kolkata,2015-08-14
1378,Rahul,Marketing,22,2,34211,Delhi,2016-10-31
1379,Vikram,HR,49,2,115989,Kolkata,2019-10-30
1380,Sneha,Finance,41,14,25232,Delhi,2017-07-05
1381,Amit,HR,35,5,87753,Mumbai,2020-12-13
1382,Ankit,IT,47,16,72691,Kolkata,2023-03-23
1383,Sneha,HR,51,11,109765,Kolkata,2023-12-25
1384,Vikram,IT,35,19,99768,Bangalore,2023-09-04
1385,Sara,IT,43,10,45613,Bhopal,2020-10-22
1386,Vikram,HR,44,3,34026,Delhi,2018-04-29
1387,Ali,Finance,33,5,73535,Delhi,2019-09-02
1388,Vikram,Marketing,42,0,114090,Bangalore,2020-01-17
1389,Ali,Marketing,57,19,50908,Bangalore,2020-06-06
1390,Sara,IT,53,15,72113,Bhopal,2015-02-25
1391,Neha,IT,23,14,39610,Bhopal,2016-12-20
1392,Ali,Finance,39,16,66646,Kolkata,2022-02-13
1393,Amit,Sales,43,7,83185,Mumbai,2020-09-10
1394,Vikram,HR,49,11,92567,Bhopal,2024-11-07
1395,Vikram,IT,50,9,67574,Bangalore,2016-07-27
1396,Amit,Marketing,59,14,111051,Bhopal,2016-10-28
1397,Rahul,Finance,45,8,56182,Delhi,2015-10-11
1398,John,HR,57,1,20570,Mumbai,2019-10-11
1399,Neha,Finance,28,4,117790,Kolkata,2024-10-05
1400,Ankit,HR,36,5,39288,Delhi,2021-02-12
1401,Ali,HR,28,6,98824,Delhi,2016-05-12
1402,Amit,IT,21,0,49877,Mumbai,2019-01-05
1403,Sara,Finance,25,6,104425,Kolkata,2015-05-10
1404,Ali,Finance,23,19,20917,Bangalore,2016-09-30
1405,John,Marketing,21,11,95602,Kolkata,2024-03-17
1406,Sara,Marketing,24,15,115040,Bhopal,2020-12-01
1407,Sneha,IT,55,15,84575,Delhi,2023-12-15
1408,Vikram,IT,52,10,92518,Bhopal,2020-08-22
1409,Sneha,Sales,54,3,59104,Bangalore,2024-02-25
1410,Ali,Marketing,45,12,38062,Bhopal,2023-12-31
1411,John,HR,30,6,36999,Kolkata,2021-10-27
1412,Neha,Finance,41,3,81845,Bhopal,2024-10-23
1413,Ali,IT,59,14,29941,Bangalore,2021-10-30
1414,Amit,Finance,47,18,81169,Bangalore,2017-09-12
1415,Priya,Finance,47,8,43470,Bangalore,2017-09-19
1416,Ali,Sales,22,10,79821,Kolkata,2022-07-25
1417,Vikram,Marketing,33,7,106669,Bangalore,2020-10-22
1418,Vikram,IT,29,0,64435,Delhi,2022-01-28
1419,Ali,Finance,56,7,24529,Bangalore,2015-04-11
1420,Sara,IT,42,12,103055,Bhopal,2021-02-01
1421,Priya,HR,46,3,32192,Bhopal,2016-03-02
1422,Amit,Sales,32,7,94102,Bhopal,2023-09-24
1423,Ali,HR,37,2,92762,Kolkata,2023-11-12
1424,Sara,IT,34,8,106795,Bhopal,2015-02-10
1425,Vikram,IT,34,1,54087,Kolkata,2016-03-04
1426,Vikram,Marketing,54,1,86677,Kolkata,2015-12-10
1427,John,Finance,40,12,24627,Bangalore,2024-07-27
1428,Ali,Finance,31,14,76541,Delhi,2016-01-01
1429,Priya,HR,36,11,88226,Bangalore,2023-09-27
1430,Rahul,Sales,51,3,23255,Bangalore,2016-08-31
1431,Priya,Finance,26,7,77433,Kolkata,2022-05-28
1432,Vikram,Marketing,39,8,25213,Kolkata,2016-12-28
1433,Vikram,HR,57,4,39404,Bhopal,2021-03-26
1434,Sneha,HR,24,19,45380,Bhopal,2017-04-04
1435,Vikram,Marketing,24,17,111056,Bangalore,2023-10-07
1436,Amit,Sales,40,10,39173,Mumbai,2018-10-07
1437,Ankit,Marketing,30,14,73027,Mumbai,2017-06-07
1438,Ali,Sales,44,8,43989,Bhopal,2020-08-05
1439,Priya,Marketing,55,16,44519,Mumbai,2018-09-03
1440,Ankit,Marketing,46,11,42439,Bhopal,2023-04-20
1441,Sara,IT,57,6,96949,Kolkata,2022-11-23
1442,Rahul,HR,58,9,34995,Bangalore,2024-05-01
1443,Amit,Marketing,41,9,43559,Delhi,2018-07-20
1444,Priya,Marketing,59,12,109049,Bangalore,2015-04-27
1445,Ankit,Finance,41,18,25021,Bhopal,2022-11-05
1446,Rahul,HR,30,10,118000,Bhopal,2021-08-12
1447,Sneha,Finance,58,12,41119,Bangalore,2018-01-22
1448,Amit,HR,24,7,71539,Bhopal,2015-06-17
1449,Amit,Finance,40,7,114835,Mumbai,2023-03-21
1450,Sneha,Marketing,37,3,59350,Mumbai,2019-10-05
1451,Ali,Marketing,27,14,66223,Bhopal,2018-09-26
1452,Sneha,IT,24,10,45517,Bhopal,2022-06-01
1453,Amit,Finance,49,10,98653,Mumbai,2016-11-25
1454,Amit,Sales,34,0,42250,Bhopal,2017-07-13
1455,Ankit,IT,23,16,104486,Bhopal,2015-06-01
1456,Vikram,Finance,44,14,102895,Bangalore,2016-08-08
1457,Rahul,Finance,57,19,109132,Delhi,2017-07-01
1458,Sneha,IT,36,5,111066,Mumbai,2021-05-10
1459,Rahul,Marketing,24,14,86798,Bangalore,2019-04-27
1460,Sneha,Finance,44,8,74199,Delhi,2016-05-10
1461,Sara,Marketing,54,13,79546,Bhopal,2020-11-18
1462,Amit,IT,50,17,108151,Bhopal,2016-07-10
1463,Vikram,Marketing,38,16,23327,Bangalore,2018-01-10
1464,Ankit,HR,39,17,49768,Bhopal,2019-04-02
1465,Vikram,Sales,51,4,84418,Kolkata,2020-10-21
1466,Vikram,Finance,39,19,114386,Bangalore,2023-06-13
1467,Vikram,Sales,39,19,62788,Delhi,2024-08-05
1468,Rahul,Marketing,42,8,102384,Bangalore,2015-06-06
1469,Sneha,Finance,44,10,66830,Mumbai,2017-01-04
1470,Neha,Marketing,32,0,72446,Bangalore,2020-12-19
1471,Sara,HR,50,17,35160,Bhopal,2024-05-02
1472,Priya,IT,58,5,76583,Bhopal,2023-05-25
1473,Vikram,Finance,51,1,53998,Kolkata,2018-11-28
1474,Ali,HR,56,14,47230,Kolkata,2024-06-09
1475,Rahul,HR,39,13,29076,Kolkata,2016-07-12
1476,Ankit,Finance,56,4,89341,Delhi,2020-11-24
1477,Priya,Marketing,50,5,51085,Kolkata,2021-05-01
1478,Neha,HR,53,5,75571,Delhi,2023-12-21
1479,Ali,Sales,38,17,34715,Kolkata,2023-08-17
1480,Neha,HR,48,13,25750,Delhi,2015-06-04
1481,Priya,Marketing,31,9,98768,Bangalore,2023-04-24
1482,Vikram,Marketing,53,13,55903,Bangalore,2017-09-23
1483,Ali,Sales,37,12,92489,Bhopal,2021-04-13
1484,Neha,HR,26,2,52093,Delhi,2016-06-14
1485,Ankit,Marketing,24,5,111036,Mumbai,2022-12-15
1486,Sneha,Finance,40,7,107954,Bhopal,2020-05-25
1487,Amit,IT,47,11,54314,Bangalore,2022-01-29
1488,Sneha,IT,35,12,68225,Delhi,2016-12-29
1489,Priya,IT,26,10,107985,Kolkata,2018-03-23
1490,Rahul,HR,34,11,103014,Mumbai,2015-06-03
1491,Amit,Sales,31,0,55179,Bangalore,2015-04-02
1492,Sara,Marketing,59,16,45338,Bhopal,2024-08-05
1493,Ankit,Finance,29,15,112435,Delhi,2021-07-13
1494,Sara,Finance,46,10,89681,Mumbai,2019-02-12
1495,Ali,HR,36,12,52101,Delhi,2019-09-13
1496,Amit,IT,25,17,22775,Kolkata,2023-10-08
1497,Sara,HR,30,10,117183,Bhopal,2021-11-02
1498,Sara,Sales,23,11,65619,Delhi,2020-07-09
1499,Neha,Sales,33,5,65838,Bangalore,2022-10-28
1500,Sneha,Marketing,50,8,39539,Bhopal,2017-02-25
1501,Neha,Marketing,26,15,77124,Bangalore,2015-09-30
1502,Amit,Sales,37,3,85149,Delhi,2020-07-20
1503,Amit,Sales,39,2,46616,Bhopal,2022-03-20
1504,Priya,Sales,55,15,99655,Bangalore,2015-06-26
1505,Neha,HR,46,11,110695,Kolkata,2022-11-18
1506,John,Sales,25,10,74567,Kolkata,2016-10-04
1507,Sneha,Finance,49,4,57099,Delhi,2020-03-13
1508,Amit,IT,57,17,95831,Bhopal,2023-07-18
1509,Priya,Sales,40,18,81799,Mumbai,2016-07-20
1510,Neha,IT,41,5,110221,Bhopal,2016-10-27
1511,Sneha,HR,30,17,45479,Kolkata,2024-05-19
1512,Neha,IT,25,5,66172,Bangalore,2018-08-24
1513,Sara,HR,56,3,119165,Mumbai,2022-12-25
1514,Priya,Finance,26,11,75863,Delhi,2019-12-04
1515,Sneha,HR,46,18,62043,Mumbai,2017-12-05
1516,Vikram,HR,24,1,102569,Delhi,2021-06-07
1517,Ali,Marketing,59,16,35408,Mumbai,2022-12-25
1518,Ali,Sales,59,10,77980,Delhi,2023-02-07
1519,Sneha,Sales,55,10,102956,Delhi,2016-02-12
1520,Neha,Finance,21,15,36351,Mumbai,2018-04-27
1521,Priya,Finance,44,1,24131,Mumbai,2022-11-09
1522,Ali,Sales,56,1,64825,Delhi,2020-01-28
1523,Priya,Marketing,26,7,31349,Kolkata,2018-02-26
1524,Ali,Sales,51,12,80931,Mumbai,2022-02-21
1525,Sara,Marketing,40,9,64254,Bhopal,2024-11-17
1526,Neha,Finance,44,7,58225,Bangalore,2024-02-20
1527,Sara,IT,45,3,32453,Delhi,2018-02-15
1528,Ali,Finance,56,14,38814,Delhi,2021-11-16
1529,Vikram,Finance,41,0,38263,Bangalore,2015-05-24
1530,Vikram,HR,50,10,97694,Kolkata,2021-10-25
1531,Sara,HR,44,6,35735,Bangalore,2023-12-16
1532,Vikram,HR,50,16,35830,Mumbai,2023-11-03
1533,Ali,HR,42,19,67893,Bangalore,2016-05-01
1534,Sneha,Marketing,48,17,64673,Delhi,2017-05-09
1535,Sara,Sales,27,11,109462,Bangalore,2023-10-11
1536,Rahul,IT,55,8,65066,Bhopal,2020-04-19
1537,Neha,Finance,48,4,23373,Mumbai,2015-05-28
1538,Vikram,Marketing,34,9,30335,Bangalore,2018-09-21
1539,Vikram,IT,30,3,43741,Delhi,2023-08-09
1540,Amit,Marketing,36,4,30692,Mumbai,2024-01-18
1541,John,Marketing,36,9,67295,Delhi,2018-09-19
1542,Sara,Finance,51,10,65541,Kolkata,2022-10-29
1543,Ankit,Sales,45,9,54057,Bhopal,2022-06-06
1544,Vikram,HR,33,7,86983,Kolkata,2015-03-31
1545,Neha,Sales,26,1,39583,Bhopal,2018-09-19
1546,Rahul,Finance,29,7,42765,Bangalore,2015-07-18
1547,Vikram,Finance,56,15,79287,Mumbai,2023-11-07
1548,Rahul,Finance,40,4,43906,Bangalore,2016-06-21
1549,Ali,IT,38,2,105103,Bhopal,2023-09-28
1550,Ali,Sales,41,11,99675,Bhopal,2015-10-28
1551,John,Sales,24,12,66525,Bhopal,2016-12-24
1552,Sneha,Marketing,53,12,58230,Delhi,2019-05-18
1553,Ankit,Marketing,47,9,39520,Mumbai,2023-03-30
1554,Amit,Marketing,27,3,105238,Bangalore,2018-12-30
1555,John,Finance,26,8,71934,Bangalore,2015-03-09
1556,Priya,Sales,35,1,45566,Kolkata,2021-11-11
1557,Amit,Finance,38,18,93193,Bhopal,2019-03-18
1558,Sara,IT,52,0,50134,Bhopal,2016-02-02
1559,Neha,Marketing,31,6,30345,Bhopal,2016-09-11
1560,Priya,Finance,40,16,61185,Bangalore,2024-03-11
1561,Priya,Finance,44,2,112949,Kolkata,2019-05-04
1562,John,IT,35,19,90744,Delhi,2018-03-09
1563,Sneha,HR,27,19,53455,Mumbai,2016-12-30
1564,John,Sales,41,2,48018,Delhi,2016-07-09
1565,Sara,HR,46,2,74219,Bangalore,2020-05-06
1566,Vikram,Marketing,34,16,65991,Bhopal,2022-09-29
1567,Vikram,Finance,57,6,93616,Mumbai,2019-10-18
1568,Sneha,IT,41,13,107438,Bangalore,2023-01-20
1569,Sara,IT,38,16,29486,Bangalore,2022-04-11
1570,Sneha,Sales,25,17,58862,Bangalore,2022-08-27
1571,Rahul,HR,23,12,78870,Mumbai,2021-05-18
1572,Vikram,Sales,43,19,106694,Mumbai,2022-06-01
1573,Priya,Finance,46,19,63856,Kolkata,2023-02-19
1574,Ankit,Sales,57,17,106055,Kolkata,2017-09-22
1575,Neha,IT,44,3,51379,Delhi,2020-05-13
1576,Sara,IT,39,0,84729,Mumbai,2019-05-21
1577,Amit,Marketing,45,17,48378,Mumbai,2022-08-25
1578,Sneha,Marketing,41,0,74353,Mumbai,2019-01-20
1579,Neha,Finance,32,12,69996,Kolkata,2020-11-04
1580,Amit,HR,53,19,34031,Bangalore,2018-01-07
1581,Neha,Sales,24,19,100072,Bhopal,2023-12-21
1582,Ankit,Finance,27,9,85982,Kolkata,2022-10-09
1583,Amit,Marketing,42,10,56683,Mumbai,2024-05-01
1584,John,Sales,53,8,37618,Kolkata,2024-02-08
1585,Ali,Marketing,37,8,26587,Delhi,2021-06-09
1586,John,Sales,44,4,82790,Mumbai,2018-11-04
1587,Vikram,HR,54,0,51480,Delhi,2020-12-17
1588,Ali,Finance,48,16,118530,Mumbai,2022-03-28
1589,John,Sales,59,1,40527,Kolkata,2018-07-23
1590,Ali,IT,42,12,43569,Bangalore,2019-09-19
1591,Ali,IT,37,8,31151,Bhopal,2022-02-18
1592,Priya,Sales,54,3,91094,Delhi,2017-06-17
1593,Sneha,Sales,26,4,79174,Kolkata,2018-04-21
1594,Sneha,Sales,26,10,64739,Bangalore,2024-02-22
1595,Priya,IT,54,18,52954,Kolkata,2024-04-16
1596,Neha,IT,21,2,55303,Delhi,2019-03-16
1597,Rahul,Sales,30,11,54700,Bhopal,2015-03-19
1598,Neha,Marketing,41,18,113036,Kolkata,2022-10-02
1599,Amit,Marketing,25,18,87568,Mumbai,2024-05-03
1600,Amit,HR,22,12,86788,Bangalore,2022-06-14
1601,Ali,Finance,42,6,91045,Kolkata,2024-12-06
1602,John,Marketing,22,14,57842,Bangalore,2019-03-13
1603,John,IT,30,6,33900,Mumbai,2015-08-26
1604,Sneha,Marketing,54,7,100059,Bhopal,2018-03-03
1605,Sara,HR,36,4,21881,Bhopal,2020-06-19
1606,Neha,HR,59,13,53037,Mumbai,2018-04-30
1607,Vikram,Finance,42,3,21630,Bangalore,2024-05-20
1608,Ankit,Marketing,32,9,40789,Kolkata,2015-10-05
1609,John,IT,44,19,108059,Mumbai,2023-06-17
1610,Ankit,IT,58,14,103494,Delhi,2016-06-07
1611,Ali,Sales,30,17,66151,Bangalore,2015-06-29
1612,Ankit,IT,55,19,68920,Bhopal,2015-05-03
1613,Vikram,Finance,52,12,87231,Mumbai,2018-06-23
1614,Priya,Finance,27,7,100357,Bhopal,2019-10-24
1615,Vikram,IT,41,8,23262,Bangalore,2024-06-06
1616,Ankit,IT,40,15,86981,Bhopal,2023-07-20
1617,Vikram,Sales,46,18,101972,Mumbai,2017-12-30
1618,Rahul,IT,24,15,95485,Bangalore,2016-04-24
1619,Ali,Sales,42,6,74722,Delhi,2024-12-10
1620,Neha,Sales,35,13,109499,Mumbai,2023-06-18
1621,Priya,IT,41,13,70818,Kolkata,2019-12-03
1622,John,HR,35,3,49932,Mumbai,2020-11-01
1623,Amit,HR,42,14,26901,Bangalore,2023-11-01
1624,Neha,Sales,48,2,119023,Mumbai,2022-02-25
1625,Amit,IT,34,4,28597,Delhi,2022-04-20
1626,Ali,HR,47,0,83909,Delhi,2021-08-01
1627,Priya,IT,48,2,92391,Kolkata,2017-03-26
1628,Sneha,IT,46,14,104214,Bhopal,2022-05-18
1629,John,IT,22,7,28263,Bangalore,2016-03-18
1630,Rahul,Marketing,45,3,83293,Bangalore,2023-08-07
1631,Sneha,IT,23,1,45805,Bhopal,2022-01-14
1632,Ali,Marketing,28,9,111679,Delhi,2015-05-23
1633,Neha,Sales,53,3,31874,Delhi,2015-07-11
1634,Rahul,HR,55,2,113065,Mumbai,2018-11-11
1635,Vikram,HR,26,1,106402,Kolkata,2016-01-13
1636,Ankit,HR,59,16,34079,Kolkata,2022-03-13
1637,Rahul,HR,43,19,69850,Kolkata,2016-06-18
1638,Ali,HR,45,12,92779,Mumbai,2019-09-13
1639,Sara,HR,39,4,115408,Kolkata,2024-03-18
1640,Ankit,HR,25,8,29018,Bhopal,2017-10-29
1641,Amit,Sales,31,5,69500,Mumbai,2024-02-25
1642,John,IT,32,4,32100,Bhopal,2018-11-11
1643,Amit,Finance,30,9,77021,Mumbai,2020-11-10
1644,Rahul,Marketing,28,7,39800,Kolkata,2020-06-12
1645,Amit,Finance,44,6,83400,Bhopal,2022-01-20
1646,Ali,Finance,48,6,112446,Bhopal,2018-03-23
1647,Vikram,IT,56,5,49437,Bhopal,2016-02-09
1648,Neha,IT,57,19,96537,Mumbai,2022-11-27
1649,John,IT,41,2,66675,Bangalore,2018-03-18
1650,Amit,HR,28,18,39942,Kolkata,2017-06-07
1651,Amit,Sales,29,14,40862,Bhopal,2024-02-21
1652,Rahul,HR,35,3,31669,Bangalore,2016-02-26
1653,Neha,Sales,38,11,73772,Kolkata,2019-06-30
1654,Sneha,Sales,40,5,35916,Kolkata,2016-04-16
1655,Amit,Finance,26,18,30878,Bhopal,2023-01-19
1656,Ali,Finance,32,3,22985,Bhopal,2016-06-30
1657,Sara,Sales,22,14,117905,Mumbai,2016-09-22
1658,John,Sales,27,8,93648,Bangalore,2024-11-06
1659,Amit,HR,36,4,61235,Bangalore,2024-10-14
1660,Ali,HR,23,12,38931,Bhopal,2017-11-03
1661,Ali,Finance,23,17,112876,Kolkata,2022-09-26
1662,John,IT,47,4,20336,Bhopal,2020-01-04
1663,Sneha,Sales,58,15,62933,Kolkata,2015-12-30
1664,Ali,HR,53,18,104899,Kolkata,2020-12-06
1665,Sara,Finance,48,13,65536,Bhopal,2024-01-23
1666,Ali,HR,21,15,89504,Delhi,2016-06-29
1667,Ali,Sales,28,14,119214,Bangalore,2023-11-15
1668,Ali,Sales,57,3,71148,Kolkata,2022-01-13
1669,Vikram,Marketing,52,6,36279,Kolkata,2016-09-25
1670,Vikram,IT,57,15,88665,Delhi,2020-04-20
1671,Sneha,Marketing,24,7,91386,Mumbai,2019-08-08
1672,Amit,Finance,50,16,106124,Delhi,2017-08-20
1673,Ali,HR,26,15,97485,Delhi,2023-03-25
1674,Neha,Finance,39,9,94055,Kolkata,2017-06-01
1675,Amit,Sales,52,9,111911,Bangalore,2022-09-28
1676,Sneha,Marketing,29,1,118618,Delhi,2017-05-20
1677,Priya,Marketing,32,8,97273,Mumbai,2016-05-30
1678,Amit,Marketing,31,16,86670,Bhopal,2023-03-05
1679,Amit,Finance,36,10,96474,Delhi,2018-11-21
1680,Ankit,Sales,21,9,74028,Delhi,2017-05-15
1681,Rahul,HR,41,16,110022,Mumbai,2020-11-23
1682,Ankit,HR,50,3,111632,Bangalore,2018-01-13
1683,Sara,Finance,33,15,91128,Delhi,2015-08-02
1684,Vikram,Marketing,54,19,38108,Delhi,2023-09-28
1685,Vikram,IT,24,14,72495,Bangalore,2023-10-09
1686,Rahul,Finance,48,4,102806,Mumbai,2022-12-07
1687,John,Finance,58,5,113185,Delhi,2021-02-22
1688,John,Sales,51,16,96533,Bangalore,2015-01-19
1689,Sneha,HR,47,0,119025,Delhi,2016-10-03
1690,Rahul,Finance,25,18,76830,Bhopal,2023-06-11
1691,Amit,Finance,45,3,94640,Kolkata,2018-01-09
1692,John,Marketing,23,16,72509,Bhopal,2015-11-26
1693,Ali,Marketing,53,8,86406,Delhi,2017-05-15
1694,Neha,IT,24,1,114220,Mumbai,2017-02-12
1695,Amit,Sales,45,7,59519,Kolkata,2016-01-27
1696,Sara,IT,40,14,69649,Bhopal,2016-09-28
1697,Ali,Marketing,54,6,54524,Bangalore,2021-06-12
1698,Ali,HR,46,5,116493,Mumbai,2024-02-21
1699,Rahul,Marketing,25,0,53885,Bhopal,2024-08-19
1700,Sneha,Sales,55,14,64369,Bangalore,2024-08-13
1701,Sara,Marketing,48,6,115402,Delhi,2023-01-21
1702,John,Sales,49,16,50676,Bangalore,2022-05-23
1703,Rahul,Sales,29,1,84093,Bhopal,2022-11-28
1704,John,Sales,58,8,67764,Bhopal,2017-10-22
1705,Rahul,Sales,26,8,70799,Delhi,2022-01-11
1706,Rahul,Sales,39,12,99414,Bangalore,2019-08-02
1707,Rahul,HR,31,5,113095,Bangalore,2022-05-07
1708,Sneha,IT,22,5,92307,Delhi,2024-04-03
1709,Rahul,Finance,29,19,102062,Bangalore,2017-01-09
1710,Priya,IT,41,19,115432,Delhi,2019-03-26
1711,Neha,Sales,44,2,51923,Mumbai,2016-04-13
1712,John,HR,54,16,98388,Bhopal,2021-03-09
1713,Amit,Marketing,42,16,67574,Mumbai,2018-02-09
1714,Ankit,HR,23,11,63391,Kolkata,2017-10-28
1715,Sara,Sales,32,15,73664,Kolkata,2022-10-22
1716,Vikram,HR,48,14,87384,Kolkata,2021-11-29
1717,Sneha,HR,50,12,51027,Delhi,2017-05-23
1718,Amit,Sales,46,0,55464,Bangalore,2016-04-04
1719,Ali,HR,41,16,54485,Mumbai,2021-04-19
1720,Priya,Finance,48,2,39456,Mumbai,2019-03-30
1721,Vikram,Finance,46,14,94795,Mumbai,2017-01-21
1722,Ankit,HR,53,3,55554,Mumbai,2019-01-01
1723,Amit,Marketing,41,3,66922,Kolkata,2019-11-13
1724,Vikram,Sales,55,17,33409,Mumbai,2023-04-17
1725,Amit,Finance,54,16,89327,Bangalore,2017-05-03
1726,Priya,Marketing,38,18,111400,Kolkata,2021-04-02
1727,Ankit,HR,31,10,56639,Mumbai,2018-08-22
1728,Ali,Marketing,43,19,83627,Delhi,2016-04-22
1729,Rahul,IT,42,2,103424,Bhopal,2022-06-19
1730,John,Finance,37,7,39692,Bhopal,2023-06-19
1731,Ali,HR,25,13,109037,Bhopal,2021-03-13
1732,Rahul,Sales,31,0,98840,Kolkata,2022-12-12
1733,Sneha,HR,50,13,74200,Mumbai,2015-05-15
1734,Neha,Sales,35,1,113063,Kolkata,2023-01-31
1735,Sara,HR,47,3,77415,Bangalore,2018-02-26
1736,Sara,Marketing,55,18,38074,Delhi,2016-02-14
1737,John,Marketing,53,5,35549,Delhi,2018-12-16
1738,Ankit,Marketing,40,0,49963,Bhopal,2018-08-10
1739,Priya,IT,36,16,111456,Bhopal,2018-06-23
1740,Ankit,Sales,54,7,116362,Bhopal,2019-04-29
1741,Priya,Marketing,22,18,72265,Mumbai,2015-03-27
1742,Ankit,IT,55,0,36061,Bangalore,2022-02-16
1743,Neha,Sales,48,4,78226,Bangalore,2020-02-09
1744,Sneha,HR,59,15,48810,Bangalore,2024-06-08
1745,Sneha,IT,26,5,80006,Bangalore,2019-01-09
1746,Rahul,Finance,29,7,42800,Bhopal,2016-01-13
1747,Vikram,IT,40,12,95476,Delhi,2024-06-23
1748,Sneha,IT,21,15,89460,Bhopal,2019-08-08
1749,Sneha,Sales,28,2,77767,Bangalore,2017-12-10
1750,Ali,HR,43,18,48054,Bhopal,2015-08-30
1751,Ali,Finance,23,11,95319,Bangalore,2024-03-19
1752,Rahul,Marketing,24,15,65397,Kolkata,2017-07-08
1753,Vikram,Marketing,45,10,33233,Delhi,2019-05-06
1754,John,IT,58,9,110020,Kolkata,2021-05-02
1755,Ali,Sales,35,19,45068,Mumbai,2023-09-27
1756,John,Sales,41,3,85727,Bhopal,2022-07-22
1757,Amit,Marketing,55,11,110610,Mumbai,2018-06-25
1758,Ali,Finance,34,1,90453,Bhopal,2015-03-11
1759,Neha,HR,56,18,45832,Kolkata,2020-10-05
1760,Vikram,Finance,32,4,106242,Bangalore,2018-11-06
1761,Rahul,HR,37,7,33682,Bangalore,2020-09-17
1762,Amit,Marketing,59,6,112298,Bhopal,2020-06-30
1763,Vikram,HR,29,13,43383,Bangalore,2017-03-11
1764,Neha,Sales,55,2,78160,Kolkata,2024-08-15
1765,Vikram,IT,33,17,113332,Bangalore,2017-11-07
1766,Neha,IT,35,15,43666,Kolkata,2022-08-11
1767,Neha,Marketing,38,18,78817,Mumbai,2017-04-04
1768,John,Sales,53,18,111198,Kolkata,2017-01-25
1769,Ankit,Finance,26,17,54642,Delhi,2021-07-27
1770,Amit,Sales,47,19,61830,Delhi,2020-06-18
1771,Vikram,IT,43,15,30234,Delhi,2020-01-14
1772,Priya,IT,47,7,77616,Bhopal,2018-08-14
1773,Amit,Sales,54,0,29221,Bhopal,2021-05-19
1774,Ankit,Sales,58,16,31410,Bhopal,2019-05-29
1775,Amit,IT,34,11,100055,Kolkata,2015-04-20
1776,Sneha,Finance,56,10,81413,Bhopal,2017-10-13
1777,Priya,Marketing,28,4,21051,Mumbai,2023-11-26
1778,Ankit,Marketing,55,11,95301,Delhi,2020-05-15
1779,John,Sales,39,16,96918,Kolkata,2022-02-04
1780,Vikram,Marketing,50,5,98116,Delhi,2019-11-05
1781,Sara,IT,34,0,76563,Bhopal,2015-01-25
1782,Ankit,IT,40,4,117859,Kolkata,2017-04-22
1783,Rahul,Sales,45,13,64757,Bangalore,2022-10-09
1784,Vikram,Sales,44,4,97475,Mumbai,2017-01-07
1785,Ankit,Sales,34,0,71257,Bhopal,2020-10-05
1786,Sneha,Finance,46,17,115500,Bhopal,2015-06-29
1787,Sara,Marketing,58,15,20307,Mumbai,2015-08-20
1788,Sneha,Sales,43,8,76889,Mumbai,2020-04-01
1789,Sara,HR,42,18,88895,Bangalore,2015-12-09
1790,Rahul,HR,39,4,115184,Bhopal,2016-04-21
1791,Vikram,IT,23,1,55944,Bhopal,2019-12-28
1792,John,Marketing,39,14,119555,Delhi,2022-03-08
1793,Sneha,Sales,29,6,58134,Kolkata,2016-03-30
1794,Sneha,HR,48,3,47323,Kolkata,2018-06-09
1795,Neha,Marketing,40,0,91762,Delhi,2015-10-16
1796,Sara,IT,27,12,107225,Kolkata,2018-05-21
1797,Ali,Finance,34,19,116507,Mumbai,2021-04-24
1798,Vikram,Marketing,29,6,45954,Kolkata,2016-06-13
1799,Sara,Marketing,39,14,75021,Kolkata,2022-06-27
1800,Neha,Finance,34,13,109959,Delhi,2023-02-24
1801,Amit,Marketing,58,18,115927,Bangalore,2021-03-26
1802,Sara,IT,56,19,99866,Kolkata,2024-01-11
1803,John,IT,37,17,90427,Kolkata,2016-08-18
1804,Vikram,Finance,50,9,24992,Bangalore,2016-03-10
1805,Neha,Sales,29,8,21961,Delhi,2017-05-31
1806,Amit,HR,53,7,32497,Bangalore,2023-05-27
1807,Priya,Sales,45,9,52551,Delhi,2019-11-17
1808,Neha,Marketing,34,16,96384,Mumbai,2016-02-06
1809,Priya,HR,31,1,75755,Delhi,2022-04-23
1810,Vikram,Finance,55,5,33255,Mumbai,2020-11-05
1811,Sneha,Finance,34,4,24567,Mumbai,2022-03-16
1812,Neha,HR,50,8,68847,Delhi,2019-04-15
1813,Rahul,IT,24,4,68003,Bhopal,2015-11-05
1814,Priya,HR,24,17,40389,Delhi,2023-02-01
1815,John,Marketing,48,19,64523,Kolkata,2015-12-09
1816,Rahul,IT,28,8,81576,Kolkata,2016-03-11
1817,Ankit,Finance,22,16,63919,Bhopal,2015-06-26
1818,Ankit,HR,42,16,102103,Mumbai,2015-05-19
1819,Amit,Sales,36,11,23358,Bhopal,2015-07-13
1820,Sneha,Sales,49,6,108535,Kolkata,2023-12-02
1821,Vikram,Marketing,50,2,96524,Bhopal,2024-01-03
1822,Neha,Sales,32,9,117057,Delhi,2023-11-10
1823,Ali,HR,55,1,25698,Bhopal,2018-03-30
1824,John,HR,31,2,86809,Mumbai,2017-07-31
1825,Priya,Sales,41,15,113079,Delhi,2016-06-08
1826,Vikram,HR,41,1,75805,Bangalore,2019-06-13
1827,Rahul,Marketing,25,9,51349,Kolkata,2023-07-11
1828,Ankit,IT,40,5,96777,Kolkata,2023-02-10
1829,John,Marketing,57,10,70248,Bhopal,2021-03-07
1830,Ali,Marketing,23,6,95033,Delhi,2017-01-10
1831,Neha,HR,53,14,118239,Bangalore,2017-05-11
1832,Amit,IT,29,5,64041,Delhi,2024-02-29
1833,Ali,HR,29,19,51954,Kolkata,2017-08-11
1834,John,Finance,24,8,28002,Delhi,2018-07-26
1835,Ali,HR,55,19,89783,Bangalore,2018-06-28
1836,John,HR,37,11,107234,Bhopal,2024-04-04
1837,John,HR,54,18,39738,Mumbai,2019-10-10
1838,Sara,IT,44,19,30703,Delhi,2022-11-20
1839,Priya,HR,52,2,69422,Mumbai,2020-12-27
1840,Ankit,IT,21,14,103106,Kolkata,2017-03-02
1841,Sara,Sales,28,1,81899,Bhopal,2016-06-29
1842,Neha,Finance,43,1,32392,Bhopal,2020-01-19
1843,Sara,IT,32,2,64724,Delhi,2017-10-13
1844,Sneha,Sales,32,5,52299,Bhopal,2020-04-11
1845,Sneha,IT,35,14,35641,Delhi,2019-04-03
1846,Ankit,IT,39,9,99534,Delhi,2015-02-26
1847,Ali,Finance,46,8,26305,Mumbai,2020-11-29
1848,Priya,Marketing,49,0,118262,Bhopal,2015-01-05
1849,Ankit,Marketing,42,15,38782,Delhi,2024-07-13
1850,John,IT,41,5,98257,Mumbai,2018-12-08
1851,Rahul,HR,58,8,97963,Bangalore,2023-11-28
1852,Priya,Sales,40,3,40566,Mumbai,2023-06-12
1853,Priya,HR,49,1,87766,Mumbai,2018-09-24
1854,John,HR,24,3,26511,Delhi,2019-12-26
1855,John,IT,27,0,46177,Kolkata,2018-07-06
1856,Amit,IT,48,18,24765,Kolkata,2020-11-07
1857,Ankit,IT,48,9,40354,Kolkata,2022-04-17
1858,John,IT,24,14,43929,Mumbai,2023-01-17
1859,Sneha,Marketing,42,18,48820,Delhi,2022-07-08
1860,Neha,IT,32,15,49523,Bhopal,2018-06-27
1861,Rahul,Marketing,23,3,91088,Mumbai,2024-02-09
1862,Ankit,Marketing,42,1,86163,Mumbai,2023-01-24
1863,Vikram,IT,22,12,97525,Delhi,2023-04-07
1864,Sneha,Finance,44,0,33780,Bangalore,2018-02-05
1865,Ali,Sales,54,16,26589,Mumbai,2016-10-29
1866,John,HR,47,12,54812,Bangalore,2022-03-26
1867,Vikram,Marketing,21,3,113664,Bangalore,2022-03-21
1868,John,Sales,28,6,65939,Kolkata,2021-12-07
1869,Priya,Finance,43,16,71493,Delhi,2023-04-18
1870,Sneha,HR,58,8,113326,Bangalore,2023-04-08
1871,Priya,HR,26,3,60953,Delhi,2018-07-05
1872,Amit,Marketing,42,18,85785,Kolkata,2022-05-10
1873,Priya,IT,45,0,39309,Delhi,2017-09-23
1874,Amit,Finance,38,9,74195,Mumbai,2020-04-10
1875,Amit,Marketing,37,3,45901,Bangalore,2015-10-09
1876,Vikram,Finance,32,8,43576,Delhi,2023-04-22
1877,John,IT,26,12,51508,Bhopal,2023-08-26
1878,Ali,IT,46,13,94711,Delhi,2018-05-12
1879,Priya,Marketing,47,9,45464,Bangalore,2020-08-25
1880,Sneha,IT,28,5,80281,Kolkata,2023-10-28
1881,Amit,Sales,39,15,36260,Kolkata,2017-07-24
1882,John,HR,21,5,55440,Bangalore,2015-09-11
1883,Rahul,Marketing,49,16,115082,Mumbai,2018-04-26
1884,Ankit,Finance,55,9,76683,Mumbai,2015-11-25
1885,Vikram,Sales,34,17,61430,Kolkata,2022-02-04
1886,Ali,Marketing,55,17,21987,Kolkata,2022-10-01
1887,Sara,IT,40,2,45105,Bangalore,2023-05-03
1888,Vikram,IT,33,19,98484,Mumbai,2018-11-21
1889,Rahul,IT,58,14,33026,Kolkata,2019-03-21
1890,Ankit,IT,28,14,88309,Mumbai,2024-08-31
1891,Rahul,Finance,40,3,65927,Kolkata,2024-04-24
1892,Priya,Sales,53,8,95414,Delhi,2022-12-02
1893,Amit,HR,46,18,77535,Bhopal,2018-04-07
1894,Ali,Finance,59,16,62946,Delhi,2019-09-13
1895,Neha,Finance,41,10,76561,Kolkata,2021-08-10
1896,Amit,HR,29,8,30377,Bhopal,2018-04-16
1897,Neha,HR,44,9,73592,Bhopal,2016-10-16
1898,Ankit,IT,57,17,27347,Kolkata,2018-10-17
1899,John,Finance,37,19,53776,Kolkata,2017-01-29
1900,Sara,Marketing,44,12,23783,Mumbai,2022-05-10
1901,Sneha,HR,41,7,75798,Kolkata,2019-12-04
1902,Amit,HR,59,6,24298,Bangalore,2017-11-29
1903,Ali,Sales,59,16,90204,Kolkata,2023-02-19
1904,Rahul,Marketing,33,14,106207,Bangalore,2016-02-20
1905,Ali,Marketing,31,19,75161,Kolkata,2024-05-19
1906,Ankit,HR,39,14,80652,Mumbai,2015-09-12
1907,Neha,IT,31,0,54484,Bangalore,2018-03-12
1908,Rahul,Sales,33,13,118614,Delhi,2020-02-20
1909,Sneha,Marketing,21,4,40922,Bangalore,2022-07-20
1910,Sneha,HR,39,10,54028,Mumbai,2022-03-09
1911,Amit,Marketing,32,15,40316,Bangalore,2017-06-18
1912,Ankit,Sales,28,1,96996,Kolkata,2020-08-20
1913,John,Sales,28,7,36968,Kolkata,2015-01-26
1914,Ankit,Finance,32,10,50266,Mumbai,2023-03-24
1915,Neha,HR,53,17,115745,Bhopal,2016-02-25
1916,Ali,Sales,46,2,44000,Kolkata,2018-05-29
1917,Sneha,Finance,59,0,34011,Delhi,2020-02-20
1918,Ali,Finance,48,10,22866,Mumbai,2021-12-18
1919,Ali,Marketing,25,15,25898,Bangalore,2018-06-14
1920,Ali,Marketing,28,17,38395,Bangalore,2021-04-03
1921,Sneha,Finance,45,15,59019,Delhi,2017-10-05
1922,Vikram,Marketing,47,9,24006,Kolkata,2015-08-07
1923,Priya,Sales,43,17,54393,Mumbai,2019-02-19
1924,Neha,IT,50,5,30956,Delhi,2020-05-13
1925,Vikram,Sales,43,18,70042,Kolkata,2021-11-13
1926,Neha,Finance,40,3,116199,Mumbai,2016-10-24
1927,Rahul,Finance,38,12,26078,Bangalore,2022-05-06
1928,Ankit,Sales,38,13,49631,Mumbai,2023-10-21
1929,Ankit,Marketing,22,2,115676,Bhopal,2017-09-16
1930,Sara,Marketing,24,9,82901,Mumbai,2015-07-08
1931,Ankit,Finance,50,5,89497,Bhopal,2015-09-12
1932,Sneha,HR,53,0,114813,Mumbai,2015-03-09
1933,John,Marketing,56,13,61574,Bhopal,2016-09-07
1934,Amit,Sales,38,7,51417,Bangalore,2021-07-11
1935,Sara,Marketing,57,18,108020,Kolkata,2022-06-11
1936,Amit,Sales,39,13,103639,Bhopal,2022-11-08
1937,Neha,Finance,48,9,85006,Bhopal,2017-05-23
1938,Amit,Marketing,40,16,114881,Bangalore,2024-07-12
1939,Amit,Sales,53,8,59454,Bhopal,2021-06-05
1940,Sara,Finance,32,5,21587,Delhi,2019-06-14
1941,Rahul,HR,35,10,74710,Bangalore,2015-12-23
1942,Ali,Sales,59,6,106567,Delhi,2015-09-13
1943,Ankit,HR,22,16,111748,Bangalore,2017-10-04
1944,Ankit,HR,49,0,95886,Bhopal,2021-07-28
1945,Sneha,IT,30,4,38816,Delhi,2019-10-22
1946,Sara,Marketing,22,8,105824,Bhopal,2024-11-01
1947,Sneha,Sales,31,17,49432,Bangalore,2022-01-15
1948,John,HR,33,1,68617,Bhopal,2023-03-17
1949,John,IT,30,10,92373,Delhi,2022-09-04
1950,Sneha,Finance,34,5,54217,Delhi,2015-10-11
1951,Sara,Sales,38,7,40884,Bhopal,2024-04-06
1952,Sneha,HR,29,3,25454,Mumbai,2015-04-09
1953,Ankit,Marketing,59,17,94960,Bangalore,2015-07-16
1954,Vikram,IT,48,10,63618,Bangalore,2021-12-04
1955,Priya,HR,23,4,103948,Bhopal,2017-05-27
1956,Amit,Marketing,40,14,82671,Mumbai,2024-01-11
1957,Priya,HR,26,17,67111,Delhi,2020-02-12
1958,Sara,Sales,47,1,59613,Kolkata,2022-04-16
1959,Priya,Sales,22,10,105678,Kolkata,2022-04-19
1960,John,Sales,49,12,79993,Bhopal,2018-10-20
1961,Neha,IT,58,3,28848,Mumbai,2021-08-12
1962,Amit,Sales,23,6,98672,Mumbai,2016-07-23
1963,Ali,Marketing,36,10,86125,Bangalore,2022-03-22
1964,Sara,HR,50,3,106444,Delhi,2023-08-13
1965,Amit,Finance,22,14,81602,Mumbai,2017-12-01
1966,Priya,Marketing,37,0,92045,Kolkata,2016-02-26
1967,John,Marketing,32,2,62222,Delhi,2022-11-23
1968,Rahul,Sales,55,13,69223,Delhi,2018-04-19
1969,Vikram,IT,21,5,85333,Bhopal,2016-06-28
1970,Ali,HR,35,17,72732,Mumbai,2015-03-12
1971,Vikram,IT,46,0,69420,Bhopal,2024-12-18
1972,Amit,HR,57,5,95504,Mumbai,2023-09-12
1973,John,HR,41,5,22462,Bangalore,2018-05-08
1974,John,IT,51,15,29460,Bhopal,2023-09-08
1975,Priya,Marketing,45,4,119319,Bhopal,2017-02-06
1976,Ankit,HR,43,16,29275,Kolkata,2021-06-12
1977,Priya,IT,44,9,114213,Bhopal,2019-09-03
1978,Ankit,HR,58,17,33269,Mumbai,2021-08-21
1979,Ankit,Finance,48,6,85942,Kolkata,2016-10-16
1980,Ali,Marketing,41,2,92920,Bhopal,2022-06-18
1981,Priya,Sales,38,12,42553,Bhopal,2021-09-12
1982,Rahul,HR,56,14,44366,Bangalore,2019-12-02
1983,Sneha,Finance,55,19,64036,Bhopal,2015-08-09
1984,Sneha,Sales,29,18,37369,Delhi,2015-07-01
1985,Priya,Sales,58,2,31795,Kolkata,2015-11-03
1986,Priya,HR,50,3,90021,Delhi,2022-01-13
1987,Vikram,IT,54,4,88154,Kolkata,2018-11-20
1988,Ali,HR,52,0,50143,Bangalore,2017-10-10
1989,Priya,Finance,23,3,49425,Bhopal,2020-08-13
1990,Vikram,Sales,23,11,108209,Bhopal,2022-12-20
1991,Ankit,HR,48,9,95139,Bhopal,2017-04-27
1992,John,IT,35,19,25368,Kolkata,2017-03-14
1993,John,HR,43,12,24621,Bhopal,2024-03-06
1994,Ankit,Marketing,31,13,78829,Delhi,2015-08-03
1995,Sara,IT,52,4,80294,Bhopal,2023-04-08
1996,Vikram,Finance,56,3,34719,Bangalore,2018-12-14
1997,Vikram,Sales,53,13,49227,Delhi,2015-04-11
1998,Ankit,HR,44,9,27566,Bhopal,2023-03-30
1999,Rahul,IT,59,16,32306,Bhopal,2024-11-01
2000,Neha,Marketing,54,9,73822,Mumbai,2016-07-26
